project,rung,optimizer,lr,seed,ns_coefficients,coupled_steps,ns_steps,lr_prefactor,kv_lora_rank,pair_policy,couple_qk,couple_vo,couple_updown
coupled-muon-imposed-factff,A0,muon,0.003,0,,,,,,,,,
coupled-muon-imposed-factff,A0,muon,0.003,1,,,,,,,,,
coupled-muon-imposed-factff,A0,muon,0.003,2,,,,,,,,,
coupled-muon-imposed-factff,A0,coupled_muon_v2,0.003,0,,,,,,,,,
coupled-muon-imposed-factff,A0,coupled_muon_v2,0.003,1,,,,,,,,,
coupled-muon-imposed-factff,A0,coupled_muon_v2,0.003,2,,,,,,,,,
coupled-muon-imposed-factff,P_factff,muon,0.003,0,,,,,,,,,
coupled-muon-imposed-factff,P_factff,muon,0.003,1,,,,,,,,,
coupled-muon-imposed-factff,P_factff,muon,0.003,2,,,,,,,,,
coupled-muon-imposed-factff,P_factff,coupled_muon_v2,0.003,0,,,,,,,,,
coupled-muon-imposed-factff,P_factff,coupled_muon_v2,0.003,1,,,,,,,,,
coupled-muon-imposed-factff,P_factff,coupled_muon_v2,0.003,2,,,,,,,,,
coupled-muon-k-curve,A0,coupled_muon_v2,0.003,0,bernstein,1.0,,,,,,,
coupled-muon-k-curve,A0,coupled_muon_v2,0.003,1,bernstein,1.0,,,,,,,
coupled-muon-k-curve,A0,coupled_muon_v2,0.003,2,bernstein,1.0,,,,,,,
coupled-muon-k-curve,A0,coupled_muon_v2,0.003,0,bernstein,2.0,,,,,,,
coupled-muon-k-curve,A0,coupled_muon_v2,0.003,1,bernstein,2.0,,,,,,,
coupled-muon-k-curve,A0,coupled_muon_v2,0.003,2,bernstein,2.0,,,,,,,
coupled-muon-k-curve,A0,coupled_muon_v2,0.003,0,bernstein,3.0,,,,,,,
coupled-muon-k-curve,A0,coupled_muon_v2,0.003,1,bernstein,3.0,,,,,,,
coupled-muon-k-curve,A0,coupled_muon_v2,0.003,2,bernstein,3.0,,,,,,,
coupled-muon-k-curve,A0,coupled_muon_v2,0.003,0,bernstein,5.0,,,,,,,
coupled-muon-k-curve,A0,coupled_muon_v2,0.003,1,bernstein,5.0,,,,,,,
coupled-muon-k-curve,A0,coupled_muon_v2,0.003,2,bernstein,5.0,,,,,,,
coupled-muon-k-curve,A0,coupled_muon_v2,0.003,0,bernstein,8.0,,,,,,,
coupled-muon-k-curve,A0,coupled_muon_v2,0.003,1,bernstein,8.0,,,,,,,
coupled-muon-k-curve,A0,coupled_muon_v2,0.003,2,bernstein,8.0,,,,,,,
coupled-muon-k-curve,A0,coupled_muon_v2,0.003,0,bernstein,12.0,,,,,,,
coupled-muon-k-curve,A0,coupled_muon_v2,0.003,1,bernstein,12.0,,,,,,,
coupled-muon-k-curve,A0,coupled_muon_v2,0.003,2,bernstein,12.0,,,,,,,
coupled-muon-lora-rank,O_mla,coupled_muon_v2,0.01,0,,,,,16.0,,,,
coupled-muon-lora-rank,O_mla,coupled_muon_v2,0.01,1,,,,,16.0,,,,
coupled-muon-lora-rank,O_mla,coupled_muon_v2,0.01,2,,,,,16.0,,,,
coupled-muon-lora-rank,O_mla,coupled_muon_v2,0.01,0,,,,,32.0,,,,
coupled-muon-lora-rank,O_mla,coupled_muon_v2,0.01,1,,,,,32.0,,,,
coupled-muon-lora-rank,O_mla,coupled_muon_v2,0.01,2,,,,,32.0,,,,
coupled-muon-lora-rank,O_mla,coupled_muon_v2,0.01,0,,,,,64.0,,,,
coupled-muon-lora-rank,O_mla,coupled_muon_v2,0.01,1,,,,,64.0,,,,
coupled-muon-lora-rank,O_mla,coupled_muon_v2,0.01,2,,,,,64.0,,,,
coupled-muon-lora-rank,O_mla,coupled_muon_v2,0.01,0,,,,,128.0,,,,
coupled-muon-lora-rank,O_mla,coupled_muon_v2,0.01,1,,,,,128.0,,,,
coupled-muon-lora-rank,O_mla,coupled_muon_v2,0.01,2,,,,,128.0,,,,
coupled-muon-lora-rank,O_mla,coupled_muon_v2,0.01,1,,,,,256.0,,,,
coupled-muon-lora-rank,O_mla,coupled_muon_v2,0.01,2,,,,,256.0,,,,
coupled-muon-lr-prefactor,A0,coupled_muon_v2,0.001,0,,,,moonlight,,,,,
coupled-muon-lr-prefactor,A0,coupled_muon_v2,0.001,1,,,,moonlight,,,,,
coupled-muon-lr-prefactor,A0,coupled_muon_v2,0.003,0,,,,moonlight,,,,,
coupled-muon-lr-prefactor,A0,coupled_muon_v2,0.003,1,,,,moonlight,,,,,
coupled-muon-lr-prefactor,A0,coupled_muon_v2,0.01,0,,,,moonlight,,,,,
coupled-muon-lr-prefactor,A0,coupled_muon_v2,0.01,1,,,,moonlight,,,,,
coupled-muon-lr-prefactor,A0,coupled_muon_v2,0.001,0,,,,bernstein_ratio,,,,,
coupled-muon-lr-prefactor,A0,coupled_muon_v2,0.001,1,,,,bernstein_ratio,,,,,
coupled-muon-lr-prefactor,A0,coupled_muon_v2,0.003,0,,,,bernstein_ratio,,,,,
coupled-muon-lr-prefactor,A0,coupled_muon_v2,0.003,1,,,,bernstein_ratio,,,,,
coupled-muon-lr-prefactor,A0,coupled_muon_v2,0.01,0,,,,bernstein_ratio,,,,,
coupled-muon-lr-prefactor,A0,coupled_muon_v2,0.01,1,,,,bernstein_ratio,,,,,
coupled-muon-lr-prefactor,A0,coupled_muon_v2,0.001,0,,,,cesista,,,,,
coupled-muon-lr-prefactor,A0,coupled_muon_v2,0.001,1,,,,cesista,,,,,
coupled-muon-lr-prefactor,A0,coupled_muon_v2,0.003,0,,,,cesista,,,,,
coupled-muon-lr-prefactor,A0,coupled_muon_v2,0.003,1,,,,cesista,,,,,
coupled-muon-lr-prefactor,A0,coupled_muon_v2,0.01,0,,,,cesista,,,,,
coupled-muon-lr-prefactor,A0,coupled_muon_v2,0.01,1,,,,cesista,,,,,
coupled-muon-mla,O_mla,adamw,0.003,0,,,,,,,,,
coupled-muon-mla,O_mla,adamw,0.003,1,,,,,,,,,
coupled-muon-mla,O_mla,adamw,0.003,2,,,,,,,,,
coupled-muon-mla,O_mla,adamw,0.003,3,,,,,,,,,
coupled-muon-mla,O_mla,adamw,0.003,4,,,,,,,,,
coupled-muon-mla,O_mla,adamw,0.01,0,,,,,,,,,
coupled-muon-mla,O_mla,adamw,0.01,1,,,,,,,,,
coupled-muon-mla,O_mla,adamw,0.01,2,,,,,,,,,
coupled-muon-mla,O_mla,adamw,0.01,3,,,,,,,,,
coupled-muon-mla,O_mla,adamw,0.01,4,,,,,,,,,
coupled-muon-mla,O_mla,adamw,0.03,0,,,,,,,,,
coupled-muon-mla,O_mla,adamw,0.03,1,,,,,,,,,
coupled-muon-mla,O_mla,adamw,0.03,2,,,,,,,,,
coupled-muon-mla,O_mla,adamw,0.03,3,,,,,,,,,
coupled-muon-mla,O_mla,adamw,0.03,4,,,,,,,,,
coupled-muon-mla,O_mla,muon,0.003,0,,,,,,,,,
coupled-muon-mla,O_mla,muon,0.003,1,,,,,,,,,
coupled-muon-mla,O_mla,muon,0.003,2,,,,,,,,,
coupled-muon-mla,O_mla,muon,0.003,3,,,,,,,,,
coupled-muon-mla,O_mla,muon,0.003,4,,,,,,,,,
coupled-muon-mla,O_mla,muon,0.01,0,,,,,,,,,
coupled-muon-mla,O_mla,muon,0.01,1,,,,,,,,,
coupled-muon-mla,O_mla,muon,0.01,2,,,,,,,,,
coupled-muon-mla,O_mla,muon,0.01,3,,,,,,,,,
coupled-muon-mla,O_mla,muon,0.01,4,,,,,,,,,
coupled-muon-mla,O_mla,muon,0.03,0,,,,,,,,,
coupled-muon-mla,O_mla,muon,0.03,1,,,,,,,,,
coupled-muon-mla,O_mla,muon,0.03,2,,,,,,,,,
coupled-muon-mla,O_mla,muon,0.03,3,,,,,,,,,
coupled-muon-mla,O_mla,muon,0.03,4,,,,,,,,,
coupled-muon-mla,O_mla,coupled_muon_v2,0.003,0,,,,,,,,,
coupled-muon-mla,O_mla,coupled_muon_v2,0.003,1,,,,,,,,,
coupled-muon-mla,O_mla,coupled_muon_v2,0.003,2,,,,,,,,,
coupled-muon-mla,O_mla,coupled_muon_v2,0.003,3,,,,,,,,,
coupled-muon-mla,O_mla,coupled_muon_v2,0.003,4,,,,,,,,,
coupled-muon-mla,O_mla,coupled_muon_v2,0.01,0,,,,,,,,,
coupled-muon-mla,O_mla,coupled_muon_v2,0.01,1,,,,,,,,,
coupled-muon-mla,O_mla,coupled_muon_v2,0.01,2,,,,,,,,,
coupled-muon-mla,O_mla,coupled_muon_v2,0.01,3,,,,,,,,,
coupled-muon-mla,O_mla,coupled_muon_v2,0.01,4,,,,,,,,,
coupled-muon-mla,O_mla,coupled_muon_v2,0.03,0,,,,,,,,,
coupled-muon-mla,O_mla,coupled_muon_v2,0.03,1,,,,,,,,,
coupled-muon-mla,O_mla,coupled_muon_v2,0.03,2,,,,,,,,,
coupled-muon-mla,O_mla,coupled_muon_v2,0.03,3,,,,,,,,,
coupled-muon-mla,O_mla,coupled_muon_v2,0.03,4,,,,,,,,,
coupled-muon-mla-350m,Z_350m_mla,muon,0.003,0,,,,,,,,,
coupled-muon-mla-350m,Z_350m_mla,muon,0.003,1,,,,,,,,,
coupled-muon-mla-350m,Z_350m_mla,muon,0.003,2,,,,,,,,,
coupled-muon-mla-350m,Z_350m_mla,muon,0.003,3,,,,,,,,,
coupled-muon-mla-350m,Z_350m_mla,muon,0.003,4,,,,,,,,,
coupled-muon-mla-350m,Z_350m_mla,muon,0.01,0,,,,,,,,,
coupled-muon-mla-350m,Z_350m_mla,muon,0.01,1,,,,,,,,,
coupled-muon-mla-350m,Z_350m_mla,muon,0.01,2,,,,,,,,,
coupled-muon-mla-350m,Z_350m_mla,muon,0.01,3,,,,,,,,,
coupled-muon-mla-350m,Z_350m_mla,muon,0.01,4,,,,,,,,,
coupled-muon-mla-350m,Z_350m_mla,muon,0.03,0,,,,,,,,,
coupled-muon-mla-350m,Z_350m_mla,muon,0.03,1,,,,,,,,,
coupled-muon-mla-350m,Z_350m_mla,muon,0.03,2,,,,,,,,,
coupled-muon-mla-350m,Z_350m_mla,muon,0.03,3,,,,,,,,,
coupled-muon-mla-350m,Z_350m_mla,muon,0.03,4,,,,,,,,,
coupled-muon-mla-350m,Z_350m_mla,coupled_muon_v2,0.003,0,,,,,,,,,
coupled-muon-mla-350m,Z_350m_mla,coupled_muon_v2,0.003,1,,,,,,,,,
coupled-muon-mla-350m,Z_350m_mla,coupled_muon_v2,0.003,2,,,,,,,,,
coupled-muon-mla-350m,Z_350m_mla,coupled_muon_v2,0.003,3,,,,,,,,,
coupled-muon-mla-350m,Z_350m_mla,coupled_muon_v2,0.003,4,,,,,,,,,
coupled-muon-mla-350m,Z_350m_mla,coupled_muon_v2,0.01,0,,,,,,,,,
coupled-muon-mla-350m,Z_350m_mla,coupled_muon_v2,0.01,1,,,,,,,,,
coupled-muon-mla-350m,Z_350m_mla,coupled_muon_v2,0.01,2,,,,,,,,,
coupled-muon-mla-350m,Z_350m_mla,coupled_muon_v2,0.01,3,,,,,,,,,
coupled-muon-mla-350m,Z_350m_mla,coupled_muon_v2,0.01,4,,,,,,,,,
coupled-muon-mla-350m,Z_350m_mla,coupled_muon_v2,0.03,0,,,,,,,,,
coupled-muon-mla-350m,Z_350m_mla,coupled_muon_v2,0.03,1,,,,,,,,,
coupled-muon-mla-350m,Z_350m_mla,coupled_muon_v2,0.03,2,,,,,,,,,
coupled-muon-mla-350m,Z_350m_mla,coupled_muon_v2,0.03,3,,,,,,,,,
coupled-muon-mla-350m,Z_350m_mla,coupled_muon_v2,0.03,4,,,,,,,,,
coupled-muon-moe-anchor-adamw,I,adamw,3e-05,3,,,,,,,,,
coupled-muon-moe-anchor-adamw,I,adamw,3e-05,4,,,,,,,,,
coupled-muon-moe-anchor-adamw,I,adamw,0.0001,3,,,,,,,,,
coupled-muon-moe-anchor-adamw,I,adamw,0.0001,4,,,,,,,,,
coupled-muon-moe-anchor-adamw,I,adamw,0.0003,3,,,,,,,,,
coupled-muon-moe-anchor-adamw,I,adamw,0.0003,4,,,,,,,,,
coupled-muon-moe-anchor-adamw,I,adamw,0.001,3,,,,,,,,,
coupled-muon-moe-anchor-adamw,I,adamw,0.001,4,,,,,,,,,
coupled-muon-moe-anchor-adamw,I,adamw,0.003,3,,,,,,,,,
coupled-muon-moe-anchor-adamw,I,adamw,0.003,4,,,,,,,,,
coupled-muon-moe-pt2-screen,K,muon,0.003,0,,,,,,,,,
coupled-muon-moe-pt2-screen,K,muon,0.01,0,,,,,,,,,
coupled-muon-moe-pt2-screen,K,muon,0.03,0,,,,,,,,,
coupled-muon-moe-pt2-screen,K,muon,0.03,1,,,,,,,,,
coupled-muon-moe-pt2-screen,K,muon,0.03,2,,,,,,,,,
coupled-muon-moe-pt2-screen,L,muon,0.003,0,,,,,,,,,
coupled-muon-moe-pt2-screen,L,muon,0.003,1,,,,,,,,,
coupled-muon-moe-pt2-screen,L,muon,0.003,2,,,,,,,,,
coupled-muon-moe-pt2-screen,L,muon,0.01,0,,,,,,,,,
coupled-muon-moe-pt2-screen,L,muon,0.01,1,,,,,,,,,
coupled-muon-moe-pt2-screen,L,muon,0.01,2,,,,,,,,,
coupled-muon-moe-pt2-screen,L,muon,0.03,1,,,,,,,,,
coupled-muon-moe-pt2-screen,L,muon,0.03,2,,,,,,,,,
coupled-muon-moe-pt2-screen,L,coupled_muon_v2,0.003,0,,,,,,,,,
coupled-muon-moe-pt2-screen,L,coupled_muon_v2,0.003,1,,,,,,,,,
coupled-muon-moe-pt2-screen,L,coupled_muon_v2,0.003,2,,,,,,,,,
coupled-muon-moe-pt2-screen,L,coupled_muon_v2,0.01,0,,,,,,,,,
coupled-muon-moe-pt2-screen,L,coupled_muon_v2,0.01,1,,,,,,,,,
coupled-muon-moe-pt2-screen,L,coupled_muon_v2,0.01,2,,,,,,,,,
coupled-muon-moe-pt2-screen,L,coupled_muon_v2,0.03,0,,,,,,,,,
coupled-muon-moe-pt2-screen,L,coupled_muon_v2,0.03,1,,,,,,,,,
coupled-muon-moe-pt2-screen,L,coupled_muon_v2,0.03,2,,,,,,,,,
coupled-muon-moe-pt2-screen,M,muon,0.003,0,,,,,,,,,
coupled-muon-moe-pt2-screen,M,muon,0.003,1,,,,,,,,,
coupled-muon-moe-pt2-screen,M,muon,0.003,2,,,,,,,,,
coupled-muon-moe-pt2-screen,M,muon,0.01,0,,,,,,,,,
coupled-muon-moe-pt2-screen,M,muon,0.01,1,,,,,,,,,
coupled-muon-moe-pt2-screen,M,muon,0.01,2,,,,,,,,,
coupled-muon-moe-pt2-screen,M,muon,0.03,0,,,,,,,,,
coupled-muon-moe-pt2-screen,M,muon,0.03,1,,,,,,,,,
coupled-muon-moe-pt2-screen,M,muon,0.03,2,,,,,,,,,
coupled-muon-moe-pt2-screen,M,coupled_muon_v2,0.003,0,,,,,,,,,
coupled-muon-moe-pt2-screen,M,coupled_muon_v2,0.003,1,,,,,,,,,
coupled-muon-moe-pt2-screen,M,coupled_muon_v2,0.003,2,,,,,,,,,
coupled-muon-moe-pt2-screen,M,coupled_muon_v2,0.01,0,,,,,,,,,
coupled-muon-moe-pt2-screen,M,coupled_muon_v2,0.01,1,,,,,,,,,
coupled-muon-moe-pt2-screen,M,coupled_muon_v2,0.01,2,,,,,,,,,
coupled-muon-moe-pt2-screen,M,coupled_muon_v2,0.03,0,,,,,,,,,
coupled-muon-moe-pt2-screen,M,coupled_muon_v2,0.03,1,,,,,,,,,
coupled-muon-moe-pt2-screen,M,coupled_muon_v2,0.03,2,,,,,,,,,
coupled-muon-moe-pt2-screen,N,muon,0.003,0,,,,,,,,,
coupled-muon-moe-pt2-screen,N,muon,0.003,1,,,,,,,,,
coupled-muon-moe-pt2-screen,N,muon,0.003,2,,,,,,,,,
coupled-muon-moe-pt2-screen,N,muon,0.01,0,,,,,,,,,
coupled-muon-moe-pt2-screen,N,muon,0.01,1,,,,,,,,,
coupled-muon-moe-pt2-screen,N,muon,0.01,2,,,,,,,,,
coupled-muon-moe-pt2-screen,N,muon,0.03,0,,,,,,,,,
coupled-muon-moe-pt2-screen,N,muon,0.03,1,,,,,,,,,
coupled-muon-moe-pt2-screen,N,muon,0.03,2,,,,,,,,,
coupled-muon-moe-pt2-screen,N,coupled_muon_v2,0.003,0,,,,,,,,,
coupled-muon-moe-pt2-screen,N,coupled_muon_v2,0.003,1,,,,,,,,,
coupled-muon-moe-pt2-screen,N,coupled_muon_v2,0.003,2,,,,,,,,,
coupled-muon-moe-pt2-screen,N,coupled_muon_v2,0.01,0,,,,,,,,,
coupled-muon-moe-pt2-screen,N,coupled_muon_v2,0.01,1,,,,,,,,,
coupled-muon-moe-pt2-screen,N,coupled_muon_v2,0.01,2,,,,,,,,,
coupled-muon-moe-pt2-screen,N,coupled_muon_v2,0.03,0,,,,,,,,,
coupled-muon-moe-pt2-screen,N,coupled_muon_v2,0.03,1,,,,,,,,,
coupled-muon-moe-pt2-screen,N,coupled_muon_v2,0.03,2,,,,,,,,,
coupled-muon-ns-policy,A0,coupled_muon_v2,0.003,0,polar_express,8.0,8.0,,,,,,
coupled-muon-ns-policy,A0,coupled_muon_v2,0.003,1,polar_express,8.0,8.0,,,,,,
coupled-muon-ns-policy,A0,coupled_muon_v2,0.003,0,cesista,8.0,8.0,,,,,,
coupled-muon-pair-policy,I,coupled_muon_v2,0.01,0,,,,,,attn_only,True,True,False
coupled-muon-pair-policy,I,coupled_muon_v2,0.01,1,,,,,,attn_only,True,True,False
coupled-muon-pair-policy,I,coupled_muon_v2,0.01,2,,,,,,attn_only,True,True,False
coupled-muon-pair-policy,I,coupled_muon_v2,0.01,3,,,,,,attn_only,True,True,False
coupled-muon-pair-policy,I,coupled_muon_v2,0.01,4,,,,,,attn_only,True,True,False
coupled-muon-pair-policy,I,coupled_muon_v2,0.01,0,,,,,,ffn_only,False,False,True
coupled-muon-pair-policy,I,coupled_muon_v2,0.01,1,,,,,,ffn_only,False,False,True
coupled-muon-pair-policy,I,coupled_muon_v2,0.01,2,,,,,,ffn_only,False,False,True
coupled-muon-pair-policy,I,coupled_muon_v2,0.01,3,,,,,,ffn_only,False,False,True
coupled-muon-pair-policy,I,coupled_muon_v2,0.01,4,,,,,,ffn_only,False,False,True
coupled-muon-pair-policy,I,coupled_muon_v2,0.01,0,,,,,,all,True,True,True
coupled-muon-pair-policy,I,coupled_muon_v2,0.01,1,,,,,,all,True,True,True
coupled-muon-pair-policy,I,coupled_muon_v2,0.01,2,,,,,,all,True,True,True
coupled-muon-pair-policy,I,coupled_muon_v2,0.01,3,,,,,,all,True,True,True
coupled-muon-pair-policy,I,coupled_muon_v2,0.01,4,,,,,,all,True,True,True
